{
    "Classification": {
        "Validation Loss": 0.389157772064209,
        "Validation Accuracy": 0.94140625,
        "Confusion Matrix": {
            "True Negatives": 115,
            "False Negatives": 15,
            "True Positives": 126,
            "False Positives": 0
        },
        "Most Occuring Prediction": 0
    },
    "Regression": {
        "Validation Loss": 0.023965416476130486,
        "Validation Mean Squared Error (MSE)": 0.0009020266588777304,
        "Validation Mean Absolute Error (MAE)": 0.02352038025856018,
        "Validation Root Mean Sqared Error (RMSE)": 0.030033757910132408,
        "Most Occurring Prediction": -2.210160732269287
    },
    "Both Models Agree": true
}