{"Classification": {"Validation Loss": 0.35286200046539307, "Validation Accuracy": 0.953125, "Confusion Matrix": {"True Negatives": 104, "False Negatives": 2, "True Positives": 140, "False Positives": 10}, "Most Occuring Prediction": 1}, "Regression": {"Validation Loss": 0.031220469623804092, "Validation Mean Squared Error (MSE)": 1.7994800145970657e-05, "Validation Mean Absolute Error (MAE)": 0.0033907426986843348, "Validation Root Mean Sqared Error (RMSE)": 0.004242027644068003, "Most Occurring Prediction": 1.430952548980713}, "Both Models Agree": true}