{
    "Classification": {
        "Validation Loss": 0.07115400582551956,
        "Validation Accuracy": 0.9883268475532532,
        "Confusion Matrix": {
            "True Negatives": 124,
            "False Negatives": 3,
            "True Positives": 130,
            "False Positives": 0
        },
        "Last Year's Performance": 1,
        "Price Increase/Decrease Tomorrow": 0
    },
    "Regression": {
        "Validation Loss": 0.03359512239694595,
        "Validation Mean Squared Error (MSE)": 6.831415521446615e-05,
        "Validation Mean Absolute Error (MAE)": 0.006068515591323376,
        "Validation Root Mean Sqared Error (RMSE)": 0.0082652373239398,
        "Threshold": 0.0495914239436388,
        "No. Predictions Close Enough to Threshold": 122,
        "No. Predictions Close Enough Percentage": 47.47081712062256,
        "Yearly Price Mean of Close Enough Values": -0.03748520463705063,
        "Last Year's Performance": 0.9726290702819824,
        "Price Tomorrow": -3.0164294242858887
    },
    "Both Models Agree on Last Year": true,
    "Both Models Agree on Price Tomorrow": true
}