{"Classification": {"Validation Loss": 0.33535057306289673, "Validation Accuracy": 0.953125, "Confusion Matrix": {"True Negatives": 99, "False Negatives": 1, "True Positives": 145, "False Positives": 11}, "Most Occuring Prediction": 1}, "Regression": {"Validation Loss": 0.02454114705324173, "Validation Mean Squared Error (MSE)": 0.0002095123054459691, "Validation Mean Absolute Error (MAE)": 0.013223350048065186, "Validation Root Mean Sqared Error (RMSE)": 0.014474540017545223, "Most Occurring Prediction": 4.090505599975586}, "Both Models Agree": true}