{"Classification": {"Validation Loss": 0.1817178577184677, "Validation Accuracy": 0.9881889820098877, "Confusion Matrix": {"True Negatives": 112, "False Negatives": 3, "True Positives": 139, "False Positives": 0}, "Last Year's Performance": 1, "Price Increase/Decrease Tomorrow": 0}, "Regression": {"Validation Loss": 0.032169751822948456, "Validation Mean Squared Error (MSE)": 9.861122816801071e-05, "Validation Mean Absolute Error (MAE)": 0.008242749609053135, "Validation Root Mean Sqared Error (RMSE)": 0.009930318221449852, "Threshold": 0.05958190932869911, "No. Predictions Close Enough to Threshold": 250, "No. Predictions Close Enough Percentage": 98.4251968503937, "Yearly Price Mean of Close Enough Values": 0.47428420186042786, "Last Year's Performance": 1.708033800125122, "Price Tomorrow": -3.751391887664795}, "Both Models Agree on Last Year": true, "Both Models Agree on Price Tomorrow": true}