{
    "Classification": {
        "Validation Loss": 0.33720409870147705,
        "Validation Accuracy": 0.9609375,
        "Confusion Matrix": {
            "True Negatives": 100,
            "False Negatives": 0,
            "True Positives": 146,
            "False Positives": 10
        },
        "Most Occuring Prediction": 1
    },
    "Regression": {
        "Validation Loss": 0.03025229275226593,
        "Validation Mean Squared Error (MSE)": 1.8585895304568112e-05,
        "Validation Mean Absolute Error (MAE)": 0.0030975937843322754,
        "Validation Root Mean Sqared Error (RMSE)": 0.004311135970056057,
        "Most Occurring Prediction": 0.7966080904006958
    },
    "Both Models Agree": true
}