{
    "Classification": {
        "Validation Loss": 0.14897657930850983,
        "Validation Accuracy": 0.9566929340362549,
        "Confusion Matrix": {
            "True Negatives": 100,
            "False Negatives": 2,
            "True Positives": 143,
            "False Positives": 9
        },
        "Last Year's Performance": 1,
        "Price Increase/Decrease Tomorrow": 0
    },
    "Regression": {
        "Validation Loss": 0.03063078038394451,
        "Validation Mean Squared Error (MSE)": 2.0296774891903624e-05,
        "Validation Mean Absolute Error (MAE)": 0.003598551033064723,
        "Validation Root Mean Sqared Error (RMSE)": 0.004505194257944822,
        "Threshold": 0.027031165547668934,
        "No. Predictions Close Enough to Threshold": 243,
        "No. Predictions Close Enough Percentage": 95.66929133858267,
        "Yearly Price Mean of Close Enough Values": 0.4453671872615814,
        "Last Year's Performance": -0.9405972957611084,
        "Price Tomorrow": -2.979903221130371
    },
    "Both Models Agree on Last Year": false,
    "Both Models Agree on Price Tomorrow": true
}