{
    "Classification": {
        "Validation Loss": 0.3420833349227905,
        "Validation Accuracy": 0.94140625,
        "Confusion Matrix": {
            "True Negatives": 116,
            "False Negatives": 15,
            "True Positives": 125,
            "False Positives": 0
        },
        "Most Occuring Prediction": 0
    },
    "Regression": {
        "Validation Loss": 0.026308119297027588,
        "Validation Mean Squared Error (MSE)": 1.5412872016895562e-05,
        "Validation Mean Absolute Error (MAE)": 0.0026424527168273926,
        "Validation Root Mean Sqared Error (RMSE)": 0.00392592279240489,
        "Most Occurring Prediction": 5.272640228271484
    },
    "Both Models Agree": false
}