{"Classification": {"Validation Loss": 0.10925763845443726, "Validation Accuracy": 0.9724409580230713, "Confusion Matrix": {"True Negatives": 109, "False Negatives": 3, "True Positives": 138, "False Positives": 4}, "Last Year's Performance": 1, "Price Increase/Decrease Tomorrow": 0}, "Regression": {"Validation Loss": 0.03517798334360123, "Validation Mean Squared Error (MSE)": 6.414174276869744e-05, "Validation Mean Absolute Error (MAE)": 0.006020538508892059, "Validation Root Mean Sqared Error (RMSE)": 0.008008853532373905, "Threshold": 0.04805312119424343, "No. Predictions Close Enough to Threshold": 253, "No. Predictions Close Enough Percentage": 99.60629921259843, "Yearly Price Mean of Close Enough Values": 0.7800345420837402, "Last Year's Performance": 2.015024185180664, "Price Tomorrow": -3.9242324829101562}, "Both Models Agree on Last Year": true, "Both Models Agree on Price Tomorrow": true}