{"Classification": {"Validation Loss": 4.053035259246826, "Validation Accuracy": 0.47265625, "Confusion Matrix": {"True Negatives": 120, "False Negatives": 135, "True Positives": 1, "False Positives": 0}, "Most Occuring Prediction": 0}, "Regression": {"Validation Loss": 0.030704300850629807, "Validation Mean Squared Error (MSE)": 0.000569347757846117, "Validation Mean Absolute Error (MAE)": 0.023336192592978477, "Validation Root Mean Sqared Error (RMSE)": 0.023861009627580643, "Most Occurring Prediction": 0.425792932510376}, "Both Models Agree": false}