{"Classification": {"Validation Loss": 0.17724625766277313, "Validation Accuracy": 0.960629940032959, "Confusion Matrix": {"True Negatives": 113, "False Negatives": 7, "True Positives": 131, "False Positives": 3}, "Last Year's Performance": 1, "Price Increase/Decrease Tomorrow": 0}, "Regression": {"Validation Loss": 0.03853069618344307, "Validation Mean Squared Error (MSE)": 0.000463924981886521, "Validation Mean Absolute Error (MAE)": 0.016223542392253876, "Validation Root Mean Sqared Error (RMSE)": 0.02153891697525978, "Threshold": 0.12923350185155869, "No. Predictions Close Enough to Threshold": 148, "No. Predictions Close Enough Percentage": 58.26771653543307, "Yearly Price Mean of Close Enough Values": -0.13235774636268616, "Last Year's Performance": -0.3956567645072937, "Price Tomorrow": -0.49853813648223877}, "Both Models Agree on Last Year": false, "Both Models Agree on Price Tomorrow": true}