{
    "Classification": {
        "Validation Loss": 0.49106842279434204,
        "Validation Accuracy": 0.88671875,
        "Confusion Matrix": {
            "True Negatives": 91,
            "False Negatives": 0,
            "True Positives": 136,
            "False Positives": 29
        },
        "Most Occuring Prediction": 1
    },
    "Regression": {
        "Validation Loss": 0.029558593407273293,
        "Validation Mean Squared Error (MSE)": 0.0013251418713480234,
        "Validation Mean Absolute Error (MAE)": 0.03296324610710144,
        "Validation Root Mean Sqared Error (RMSE)": 0.03640249744057655,
        "Most Occurring Prediction": 0.4769415855407715
    },
    "Both Models Agree": true
}