{"Classification": {"Validation Loss": 0.11807101219892502, "Validation Accuracy": 0.9763779640197754, "Confusion Matrix": {"True Negatives": 109, "False Negatives": 5, "True Positives": 139, "False Positives": 1}, "Last Year's Performance": 1, "Price Increase/Decrease Tomorrow": 0}, "Regression": {"Validation Loss": 0.030500952154397964, "Validation Mean Squared Error (MSE)": 4.2138464777963236e-05, "Validation Mean Absolute Error (MAE)": 0.004331348463892937, "Validation Root Mean Sqared Error (RMSE)": 0.006491414736956358, "Threshold": 0.03894848842173815, "No. Predictions Close Enough to Threshold": 250, "No. Predictions Close Enough Percentage": 98.4251968503937, "Yearly Price Mean of Close Enough Values": 0.2703207731246948, "Last Year's Performance": -2.3262863159179688, "Price Tomorrow": -2.449462413787842}, "Both Models Agree on Last Year": false, "Both Models Agree on Price Tomorrow": true}