{
    "Classification": {
        "Validation Loss": 0.3083740472793579,
        "Validation Accuracy": 0.988095223903656,
        "Confusion Matrix": {
            "True Negatives": 124,
            "False Negatives": 2,
            "True Positives": 125,
            "False Positives": 1
        },
        "Last Year's Performance": 0,
        "Price Increase/Decrease Tomorrow": 0
    },
    "Regression": {
        "Validation Loss": 0.043756239116191864,
        "Validation Mean Squared Error (MSE)": 0.00726928748190403,
        "Validation Mean Absolute Error (MAE)": 0.06382723152637482,
        "Validation Root Mean Sqared Error (RMSE)": 0.08526011556386948,
        "Threshold": 0.5115606933832169,
        "No. Predictions Close Enough to Threshold": 0.9841269841269841,
        "No. Predictions Close Enough Percentage": 98.4126984126984,
        "Yearly Price Mean of Close Enough Values": 0.031462062150239944,
        "Last Year's Performance": 0.6804771423339844,
        "Price Tomorrow": -0.4191112518310547
    },
    "Both Models Agree on Last Year": false,
    "Both Models Agree on Price Tomorrow": true
}