{"Classification": {"Validation Loss": 0.3504659831523895, "Validation Accuracy": 0.9682539701461792, "Confusion Matrix": {"True Negatives": 118, "False Negatives": 7, "True Positives": 126, "False Positives": 1}, "Most Occuring Prediction": 1}, "Regression": {"Validation Loss": 0.11925751715898514, "Validation Mean Squared Error (MSE)": 0.12927623093128204, "Validation Mean Absolute Error (MAE)": 0.2823726236820221, "Validation Root Mean Sqared Error (RMSE)": 0.35955002903938293, "Most Occurring Prediction": -84.47607421875}, "Both Models Agree": false}