{"Classification": {"Validation Loss": 0.6454657912254333, "Validation Accuracy": 0.9370078444480896, "Confusion Matrix": {"True Negatives": 91, "False Negatives": 1, "True Positives": 147, "False Positives": 15}, "Most Occuring Prediction": 1}, "Regression": {"Validation Loss": 0.042104803025722504, "Validation Mean Squared Error (MSE)": 0.0005041156546212733, "Validation Mean Absolute Error (MAE)": 0.01527542993426323, "Validation Root Mean Sqared Error (RMSE)": 0.022452520206570625, "Most Occurring Prediction": -11.092726707458496}, "Both Models Agree": false}