{"Classification": {"Validation Loss": 0.4925687909126282, "Validation Accuracy": 0.9642857313156128, "Confusion Matrix": {"True Negatives": 117, "False Negatives": 6, "True Positives": 126, "False Positives": 3}, "Most Occuring Prediction": 1}, "Regression": {"Validation Loss": 0.0608479343354702, "Validation Mean Squared Error (MSE)": 0.017241330817341805, "Validation Mean Absolute Error (MAE)": 0.0723777636885643, "Validation Root Mean Sqared Error (RMSE)": 0.1313062459230423, "Most Occurring Prediction": -12.843204498291016}, "Both Models Agree": false}