{
    "Classification": {
        "Validation Loss": 0.415357381105423,
        "Validation Accuracy": 0.9880478382110596,
        "Confusion Matrix": {
            "True Negatives": 138,
            "False Negatives": 1,
            "True Positives": 110,
            "False Positives": 2
        },
        "Last Year's Performance": 0,
        "Price Increase/Decrease Tomorrow": 0
    },
    "Regression": {
        "Validation Loss": 0.1833430677652359,
        "Validation Mean Squared Error (MSE)": 0.0008647232898510993,
        "Validation Mean Absolute Error (MAE)": 0.02028231881558895,
        "Validation Root Mean Sqared Error (RMSE)": 0.029406176880002022,
        "Threshold": 0.17643706128001213,
        "No. Predictions Close Enough to Threshold": 0.8844621513944223,
        "No. Predictions Close Enough Percentage": 88.44621513944223,
        "Yearly Price Mean of Close Enough Values": -0.22064130008220673,
        "Last Year's Performance": 0.10200400650501251,
        "Price Tomorrow": -1.4035706520080566
    },
    "Both Models Agree on Last Year": false,
    "Both Models Agree on Price Tomorrow": true
}