{"Classification": {"Validation Loss": 0.2791701853275299, "Validation Accuracy": 0.9801587462425232, "Confusion Matrix": {"True Negatives": 118, "False Negatives": 5, "True Positives": 129, "False Positives": 0}, "Most Occuring Prediction": 1}, "Regression": {"Validation Loss": 0.12125261127948761, "Validation Mean Squared Error (MSE)": 0.267274409532547, "Validation Mean Absolute Error (MAE)": 0.1949748694896698, "Validation Root Mean Sqared Error (RMSE)": 0.5169858932495117, "Most Occurring Prediction": 372.4493408203125}, "Both Models Agree": true}