{"Classification": {"Validation Loss": 0.21872979402542114, "Validation Accuracy": 0.992094874382019, "Confusion Matrix": {"True Negatives": 129, "False Negatives": 2, "True Positives": 122, "False Positives": 0}, "Most Occuring Prediction": 0}, "Regression": {"Validation Loss": 0.03898397833108902, "Validation Mean Squared Error (MSE)": 0.0005143224261701107, "Validation Mean Absolute Error (MAE)": 0.013399387709796429, "Validation Root Mean Sqared Error (RMSE)": 0.0226786769926548, "Most Occurring Prediction": 0.5910120010375977}, "Both Models Agree": false}