{"Classification": {"Validation Loss": 0.5621525049209595, "Validation Accuracy": 0.9322709441184998, "Confusion Matrix": {"True Negatives": 130, "False Negatives": 14, "True Positives": 104, "False Positives": 3}, "Most Occuring Prediction": 0}, "Regression": {"Validation Loss": 0.033737845718860626, "Validation Mean Squared Error (MSE)": 0.0005980886635370553, "Validation Mean Absolute Error (MAE)": 0.012554852291941643, "Validation Root Mean Sqared Error (RMSE)": 0.024455850943922997, "Most Occurring Prediction": 0.26936328411102295}, "Both Models Agree": false}