{"Classification": {"Validation Loss": 0.7750397324562073, "Validation Accuracy": 0.8167330622673035, "Confusion Matrix": {"True Negatives": 123, "False Negatives": 45, "True Positives": 82, "False Positives": 1}, "Most Occuring Prediction": 0}, "Regression": {"Validation Loss": 0.020886901766061783, "Validation Mean Squared Error (MSE)": 0.00010508425475563854, "Validation Mean Absolute Error (MAE)": 0.006530427373945713, "Validation Root Mean Sqared Error (RMSE)": 0.01025106105953455, "Most Occurring Prediction": -1.3634464740753174}, "Both Models Agree": true}