{"Classification": {"Validation Loss": 0.08877745270729065, "Validation Accuracy": 0.9960629940032959, "Confusion Matrix": {"True Negatives": 124, "False Negatives": 1, "True Positives": 129, "False Positives": 0}, "Last Year's Performance": 1, "Price Increase/Decrease Tomorrow": 0}, "Regression": {"Validation Loss": 0.03379166126251221, "Validation Mean Squared Error (MSE)": 2.596017839096021e-05, "Validation Mean Absolute Error (MAE)": 0.004010320641100407, "Validation Root Mean Sqared Error (RMSE)": 0.005095113068819046, "Threshold": 0.030570678412914276, "No. Predictions Close Enough to Threshold": 0.1889763779527559, "No. Predictions Close Enough Percentage": 18.89763779527559, "Yearly Price Mean of Close Enough Values": 0.06460174173116684, "Last Year's Performance": 0.3390538692474365, "Price Tomorrow": -0.5037508010864258}, "Both Models Agree on Last Year": true, "Both Models Agree on Price Tomorrow": true}