{"Classification": {"Validation Loss": 0.08762327581644058, "Validation Accuracy": 0.9880478382110596, "Confusion Matrix": {"True Negatives": 113, "False Negatives": 0, "True Positives": 135, "False Positives": 3}, "Last Year's Performance": 1, "Price Increase/Decrease Tomorrow": 0}, "Regression": {"Validation Loss": 0.02806086093187332, "Validation Mean Squared Error (MSE)": 7.749695214442909e-06, "Validation Mean Absolute Error (MAE)": 0.0022950039710849524, "Validation Root Mean Sqared Error (RMSE)": 0.002783827483654022, "Threshold": 0.016702964901924133, "No. Predictions Close Enough to Threshold": 0.14342629482071714, "No. Predictions Close Enough Percentage": 14.342629482071715, "Yearly Price Mean of Close Enough Values": 0.035034164786338806, "Last Year's Performance": -0.26456230878829956, "Price Tomorrow": 0.013493992388248444}, "Both Models Agree on Last Year": false, "Both Models Agree on Price Tomorrow": false}