{"Classification": {"Validation Loss": 0.7235064506530762, "Validation Accuracy": 0.7968127727508545, "Confusion Matrix": {"True Negatives": 115, "False Negatives": 51, "True Positives": 85, "False Positives": 0}, "Most Occuring Prediction": 0}, "Regression": {"Validation Loss": 0.020423395559191704, "Validation Mean Squared Error (MSE)": 9.663473292675917e-07, "Validation Mean Absolute Error (MAE)": 0.0008400939987041056, "Validation Root Mean Sqared Error (RMSE)": 0.0009830296039581299, "Most Occurring Prediction": 0.14590680599212646}, "Both Models Agree": false}