{"Classification": {"Validation Loss": 0.3367263972759247, "Validation Accuracy": 0.9482071995735168, "Confusion Matrix": {"True Negatives": 104, "False Negatives": 0, "True Positives": 134, "False Positives": 13}, "Most Occuring Prediction": 1}, "Regression": {"Validation Loss": 0.02650073543190956, "Validation Mean Squared Error (MSE)": 0.00010411856783321127, "Validation Mean Absolute Error (MAE)": 0.008186442777514458, "Validation Root Mean Sqared Error (RMSE)": 0.010203850455582142, "Most Occurring Prediction": 2.426654815673828}, "Both Models Agree": true}