{"Classification": {"Validation Loss": 0.32473769783973694, "Validation Accuracy": 0.9440000057220459, "Confusion Matrix": {"True Negatives": 117, "False Negatives": 6, "True Positives": 127, "False Positives": 0}, "Most Occuring Prediction": 1}, "Regression": {"Validation Loss": 0.2273477166891098, "Validation Mean Squared Error (MSE)": 0.4324396848678589, "Validation Mean Absolute Error (MAE)": 0.5243181586265564, "Validation Root Mean Sqared Error (RMSE)": 0.6576014757156372, "Most Occurring Prediction": 0.2147216796875}, "Both Models Agree": true}