{"Classification": {"Validation Loss": 0.0750056803226471, "Validation Accuracy": 0.9763779640197754, "Confusion Matrix": {"True Negatives": 113, "False Negatives": 6, "True Positives": 135, "False Positives": 0}, "Last Year's Performance": 1, "Price Increase/Decrease Tomorrow": 0}, "Regression": {"Validation Loss": 0.03291044384241104, "Validation Mean Squared Error (MSE)": 0.00017616606783121824, "Validation Mean Absolute Error (MAE)": 0.010699340142309666, "Validation Root Mean Sqared Error (RMSE)": 0.013272756710648537, "Threshold": 0.07963654026389122, "No. Predictions Close Enough to Threshold": 0.937007874015748, "No. Predictions Close Enough Percentage": 93.7007874015748, "Yearly Price Mean of Close Enough Values": 0.1884828805923462, "Last Year's Performance": 1.2514784336090088, "Price Tomorrow": -1.929046392440796}, "Both Models Agree on Last Year": true, "Both Models Agree on Price Tomorrow": true}