{"Classification": {"Validation Loss": 0.26272526383399963, "Validation Accuracy": 0.9721115827560425, "Confusion Matrix": {"True Negatives": 127, "False Negatives": 3, "True Positives": 117, "False Positives": 4}, "Last Year's Performance": 0, "Price Increase/Decrease Tomorrow": 0}, "Regression": {"Validation Loss": 0.04447441175580025, "Validation Mean Squared Error (MSE)": 0.008097135461866856, "Validation Mean Absolute Error (MAE)": 0.026651352643966675, "Validation Root Mean Sqared Error (RMSE)": 0.08998408168554306, "Threshold": 0.07922289986163378, "No. Predictions Close Enough to Threshold": 0.5976095617529881, "No. Predictions Close Enough Percentage": 59.76095617529881, "Yearly Price Mean of Close Enough Values": -0.04491549730300903, "Last Year's Performance": -0.11546635627746582, "Price Tomorrow": -0.32563459873199463}, "Both Models Agree on Last Year": true, "Both Models Agree on Price Tomorrow": true}