{"Classification": {"Validation Loss": 0.1942080706357956, "Validation Accuracy": 0.9801587462425232, "Confusion Matrix": {"True Negatives": 123, "False Negatives": 5, "True Positives": 124, "False Positives": 0}, "Most Occuring Prediction": 0}, "Regression": {"Validation Loss": 0.029406003654003143, "Validation Mean Squared Error (MSE)": 0.0006735858623869717, "Validation Mean Absolute Error (MAE)": 0.00790310651063919, "Validation Root Mean Sqared Error (RMSE)": 0.02595353312790394, "Most Occurring Prediction": -5.4336395263671875}, "Both Models Agree": true}