{"Classification": {"Validation Loss": 0.19900287687778473, "Validation Accuracy": 0.9722222089767456, "Confusion Matrix": {"True Negatives": 125, "False Negatives": 8, "True Positives": 119, "False Positives": 0}, "Most Occuring Prediction": 0}, "Regression": {"Validation Loss": 0.21054348349571228, "Validation Mean Squared Error (MSE)": 0.4053340554237366, "Validation Mean Absolute Error (MAE)": 0.5129704475402832, "Validation Root Mean Sqared Error (RMSE)": 0.6366584897041321, "Most Occurring Prediction": 0.127685546875}, "Both Models Agree": false}