{"Classification": {"Validation Loss": 0.545918881893158, "Validation Accuracy": 0.9723320007324219, "Confusion Matrix": {"True Negatives": 122, "False Negatives": 13, "True Positives": 118, "False Positives": 0}, "Most Occuring Prediction": 0}, "Regression": {"Validation Loss": 0.24546417593955994, "Validation Mean Squared Error (MSE)": 0.43320706486701965, "Validation Mean Absolute Error (MAE)": 0.5242986083030701, "Validation Root Mean Sqared Error (RMSE)": 0.6581846475601196, "Most Occurring Prediction": -0.1373291015625}, "Both Models Agree": true}