{"Classification": {"Validation Loss": 0.5816347599029541, "Validation Accuracy": 0.8622047305107117, "Confusion Matrix": {"True Negatives": 123, "False Negatives": 35, "True Positives": 96, "False Positives": 0}, "Most Occuring Prediction": 0}, "Regression": {"Validation Loss": 0.031930919736623764, "Validation Mean Squared Error (MSE)": 3.5209264751756564e-05, "Validation Mean Absolute Error (MAE)": 0.0028140151407569647, "Validation Root Mean Sqared Error (RMSE)": 0.005933739710599184, "Most Occurring Prediction": -0.5478363037109375}, "Both Models Agree": true}