{"Classification": {"Validation Loss": 0.09857800602912903, "Validation Accuracy": 0.9842519760131836, "Confusion Matrix": {"True Negatives": 121, "False Negatives": 1, "True Positives": 129, "False Positives": 3}, "Last Year's Performance": 1, "Price Increase/Decrease Tomorrow": 0}, "Regression": {"Validation Loss": 0.03356111794710159, "Validation Mean Squared Error (MSE)": 9.93675203062594e-05, "Validation Mean Absolute Error (MAE)": 0.00533938966691494, "Validation Root Mean Sqared Error (RMSE)": 0.00996832549571991, "Threshold": 0.05980995297431946, "No. Predictions Close Enough to Threshold": 0.31496062992125984, "No. Predictions Close Enough Percentage": 31.496062992125985, "Yearly Price Mean of Close Enough Values": 0.07641317695379257, "Last Year's Performance": 0.5417729020118713, "Price Tomorrow": -0.3559849262237549}, "Both Models Agree on Last Year": true, "Both Models Agree on Price Tomorrow": true}