{"Classification": {"Validation Loss": 0.9272912740707397, "Validation Accuracy": 0.7579365372657776, "Confusion Matrix": {"True Negatives": 52, "False Negatives": 0, "True Positives": 139, "False Positives": 61}, "Most Occuring Prediction": 1}, "Regression": {"Validation Loss": 0.04080313816666603, "Validation Mean Squared Error (MSE)": 0.008427783846855164, "Validation Mean Absolute Error (MAE)": 0.06616910547018051, "Validation Root Mean Sqared Error (RMSE)": 0.09180296212434769, "Most Occurring Prediction": 11.318863868713379}, "Both Models Agree": true}