{"Classification": {"Validation Loss": 0.2873625159263611, "Validation Accuracy": 0.9803921580314636, "Confusion Matrix": {"True Negatives": 118, "False Negatives": 8, "True Positives": 129, "False Positives": 0}, "Most Occuring Prediction": 1}, "Regression": {"Validation Loss": 0.23699025809764862, "Validation Mean Squared Error (MSE)": 0.4571116864681244, "Validation Mean Absolute Error (MAE)": 0.5419037342071533, "Validation Root Mean Sqared Error (RMSE)": 0.6761003136634827, "Most Occurring Prediction": -0.09796142578125}, "Both Models Agree": false}