{"Classification": {"Validation Loss": 0.26943883299827576, "Validation Accuracy": 0.9682539701461792, "Confusion Matrix": {"True Negatives": 111, "False Negatives": 8, "True Positives": 133, "False Positives": 0}, "Most Occuring Prediction": 1}, "Regression": {"Validation Loss": 0.0419209785759449, "Validation Mean Squared Error (MSE)": 0.002954705385491252, "Validation Mean Absolute Error (MAE)": 0.0279993936419487, "Validation Root Mean Sqared Error (RMSE)": 0.05435720086097717, "Most Occurring Prediction": 12.288177490234375}, "Both Models Agree": true}