{"Classification": {"Validation Loss": 0.6983430981636047, "Validation Accuracy": 0.8095238208770752, "Confusion Matrix": {"True Negatives": 65, "False Negatives": 0, "True Positives": 139, "False Positives": 48}, "Most Occuring Prediction": 1}, "Regression": {"Validation Loss": 0.040001288056373596, "Validation Mean Squared Error (MSE)": 0.000378769967937842, "Validation Mean Absolute Error (MAE)": 0.009321454912424088, "Validation Root Mean Sqared Error (RMSE)": 0.019462013617157936, "Most Occurring Prediction": 6.7123565673828125}, "Both Models Agree": true}