{"Classification": {"Validation Loss": 0.9155779480934143, "Validation Accuracy": 0.7649402618408203, "Confusion Matrix": {"True Negatives": 62, "False Negatives": 0, "True Positives": 130, "False Positives": 59}, "Most Occuring Prediction": 1}, "Regression": {"Validation Loss": 0.019548742100596428, "Validation Mean Squared Error (MSE)": 6.894155376357958e-05, "Validation Mean Absolute Error (MAE)": 0.006954990793019533, "Validation Root Mean Sqared Error (RMSE)": 0.008303104899823666, "Most Occurring Prediction": 0.7274395227432251}, "Both Models Agree": true}