{"Classification": {"Validation Loss": 0.8109159469604492, "Validation Accuracy": 0.9563491940498352, "Confusion Matrix": {"True Negatives": 112, "False Negatives": 8, "True Positives": 129, "False Positives": 3}, "Most Occuring Prediction": 1}, "Regression": {"Validation Loss": 0.03998653590679169, "Validation Mean Squared Error (MSE)": 0.01385302934795618, "Validation Mean Absolute Error (MAE)": 0.08102300763130188, "Validation Root Mean Sqared Error (RMSE)": 0.11769889295101166, "Most Occurring Prediction": 4.015439987182617}, "Both Models Agree": true}