{"Classification": {"Validation Loss": 0.3338482975959778, "Validation Accuracy": 0.9722222089767456, "Confusion Matrix": {"True Negatives": 107, "False Negatives": 1, "True Positives": 138, "False Positives": 6}, "Most Occuring Prediction": 1}, "Regression": {"Validation Loss": 0.12297531962394714, "Validation Mean Squared Error (MSE)": 0.10969207435846329, "Validation Mean Absolute Error (MAE)": 0.18790577352046967, "Validation Root Mean Sqared Error (RMSE)": 0.33119794726371765, "Most Occurring Prediction": 748.4414672851562}, "Both Models Agree": true}