{"Classification": {"Validation Loss": 0.4171397387981415, "Validation Accuracy": 0.9682539701461792, "Confusion Matrix": {"True Negatives": 116, "False Negatives": 5, "True Positives": 128, "False Positives": 3}, "Most Occuring Prediction": 1}, "Regression": {"Validation Loss": 0.07758971303701401, "Validation Mean Squared Error (MSE)": 0.039099644869565964, "Validation Mean Absolute Error (MAE)": 0.13183638453483582, "Validation Root Mean Sqared Error (RMSE)": 0.19773629307746887, "Most Occurring Prediction": 38.57563781738281}, "Both Models Agree": true}