{"Classification": {"Validation Loss": 0.3337007164955139, "Validation Accuracy": 0.8928571343421936, "Confusion Matrix": {"True Negatives": 130, "False Negatives": 27, "True Positives": 95, "False Positives": 0}, "Most Occuring Prediction": 0}, "Regression": {"Validation Loss": 0.2504346966743469, "Validation Mean Squared Error (MSE)": 0.9599157571792603, "Validation Mean Absolute Error (MAE)": 0.4896973967552185, "Validation Root Mean Sqared Error (RMSE)": 0.9797528982162476, "Most Occurring Prediction": -160.35894775390625}, "Both Models Agree": true}