{"Classification": {"Validation Loss": 0.705085039138794, "Validation Accuracy": 0.9840637445449829, "Confusion Matrix": {"True Negatives": 125, "False Negatives": 2, "True Positives": 122, "False Positives": 2}, "Most Occuring Prediction": 0}, "Regression": {"Validation Loss": 0.03393179178237915, "Validation Mean Squared Error (MSE)": 3.9234637370100245e-05, "Validation Mean Absolute Error (MAE)": 0.004560185596346855, "Validation Root Mean Sqared Error (RMSE)": 0.006263755727559328, "Most Occurring Prediction": 1.8877768516540527}, "Both Models Agree": false}