{"Classification": {"Validation Loss": 0.5979523658752441, "Validation Accuracy": 0.9763779640197754, "Confusion Matrix": {"True Negatives": 117, "False Negatives": 0, "True Positives": 131, "False Positives": 6}, "Most Occuring Prediction": 1}, "Regression": {"Validation Loss": 0.02605486288666725, "Validation Mean Squared Error (MSE)": 0.0004047035181429237, "Validation Mean Absolute Error (MAE)": 0.012847900390625, "Validation Root Mean Sqared Error (RMSE)": 0.020117243751883507, "Most Occurring Prediction": -7.831340789794922}, "Both Models Agree": false}