{"Classification": {"Validation Loss": 0.4019172191619873, "Validation Accuracy": 0.9683794379234314, "Confusion Matrix": {"True Negatives": 123, "False Negatives": 11, "True Positives": 119, "False Positives": 0}, "Most Occuring Prediction": 0}, "Regression": {"Validation Loss": 0.24207574129104614, "Validation Mean Squared Error (MSE)": 0.45857512950897217, "Validation Mean Absolute Error (MAE)": 0.5118507146835327, "Validation Root Mean Sqared Error (RMSE)": 0.6771817207336426, "Most Occurring Prediction": -0.0767822265625}, "Both Models Agree": true}