{"Classification": {"Validation Loss": 0.4266294538974762, "Validation Accuracy": 0.9055117964744568, "Confusion Matrix": {"True Negatives": 121, "False Negatives": 21, "True Positives": 109, "False Positives": 3}, "Most Occuring Prediction": 0}, "Regression": {"Validation Loss": 0.05627698078751564, "Validation Mean Squared Error (MSE)": 2.992217559949495e-05, "Validation Mean Absolute Error (MAE)": 0.004876977764070034, "Validation Root Mean Sqared Error (RMSE)": 0.005470116622745991, "Most Occurring Prediction": -0.3670547902584076}, "Both Models Agree": true}