{"Classification": {"Validation Loss": 0.12245866656303406, "Validation Accuracy": 0.9842519760131836, "Confusion Matrix": {"True Negatives": 123, "False Negatives": 2, "True Positives": 127, "False Positives": 2}, "Last Year's Performance": 1, "Price Increase/Decrease Tomorrow": 0}, "Regression": {"Validation Loss": 0.045897889882326126, "Validation Mean Squared Error (MSE)": 0.00010300754365744069, "Validation Mean Absolute Error (MAE)": 0.008284538984298706, "Validation Root Mean Sqared Error (RMSE)": 0.010149262845516205, "Threshold": 0.06089557707309723, "No. Predictions Close Enough to Threshold": 0.4094488188976378, "No. Predictions Close Enough Percentage": 40.94488188976378, "Yearly Price Mean of Close Enough Values": 0.12361744791269302, "Last Year's Performance": 1.300849199295044, "Price Tomorrow": -0.42207080125808716}, "Both Models Agree on Last Year": true, "Both Models Agree on Price Tomorrow": true}