{"Classification": {"Validation Loss": 0.8894243836402893, "Validation Accuracy": 0.773809552192688, "Confusion Matrix": {"True Negatives": 128, "False Negatives": 57, "True Positives": 67, "False Positives": 0}, "Most Occuring Prediction": 0}, "Regression": {"Validation Loss": 0.03498383238911629, "Validation Mean Squared Error (MSE)": 0.0002555789251346141, "Validation Mean Absolute Error (MAE)": 0.011966947466135025, "Validation Root Mean Sqared Error (RMSE)": 0.015986835584044456, "Most Occurring Prediction": 1.5894529819488525}, "Both Models Agree": false}