{"Classification": {"Validation Loss": 0.47090548276901245, "Validation Accuracy": 0.9003984332084656, "Confusion Matrix": {"True Negatives": 126, "False Negatives": 25, "True Positives": 100, "False Positives": 0}, "Most Occuring Prediction": 0}, "Regression": {"Validation Loss": 0.038202885538339615, "Validation Mean Squared Error (MSE)": 0.0006481015589088202, "Validation Mean Absolute Error (MAE)": 0.01628887839615345, "Validation Root Mean Sqared Error (RMSE)": 0.02545783855021, "Most Occurring Prediction": -11.955759048461914}, "Both Models Agree": true}