{"Classification": {"Validation Loss": 0.496265172958374, "Validation Accuracy": 0.9047619104385376, "Confusion Matrix": {"True Negatives": 113, "False Negatives": 24, "True Positives": 115, "False Positives": 0}, "Most Occuring Prediction": 0}, "Regression": {"Validation Loss": 0.031133510172367096, "Validation Mean Squared Error (MSE)": 0.0007220039260573685, "Validation Mean Absolute Error (MAE)": 0.02060578390955925, "Validation Root Mean Sqared Error (RMSE)": 0.026870129629969597, "Most Occurring Prediction": 5.9432220458984375}, "Both Models Agree": false}