{"Classification": {"Validation Loss": 0.4564998745918274, "Validation Accuracy": 0.9763779640197754, "Confusion Matrix": {"True Negatives": 114, "False Negatives": 0, "True Positives": 134, "False Positives": 6}, "Most Occuring Prediction": 1}, "Regression": {"Validation Loss": 0.06277001649141312, "Validation Mean Squared Error (MSE)": 0.05071071535348892, "Validation Mean Absolute Error (MAE)": 0.12064523994922638, "Validation Root Mean Sqared Error (RMSE)": 0.2251904010772705, "Most Occurring Prediction": 98.82818603515625}, "Both Models Agree": true}