{"Classification": {"Validation Loss": 0.3381645977497101, "Validation Accuracy": 0.9246031641960144, "Confusion Matrix": {"True Negatives": 111, "False Negatives": 14, "True Positives": 122, "False Positives": 5}, "Last Year's Performance": 1, "Price Increase/Decrease Tomorrow": 0}, "Regression": {"Validation Loss": 0.03385324403643608, "Validation Mean Squared Error (MSE)": 4.77528665214777e-05, "Validation Mean Absolute Error (MAE)": 0.004852219019085169, "Validation Root Mean Sqared Error (RMSE)": 0.006910344585776329, "Threshold": 0.041462067514657974, "No. Predictions Close Enough to Threshold": 0.4880952380952381, "No. Predictions Close Enough Percentage": 48.80952380952381, "Yearly Price Mean of Close Enough Values": 0.4430246949195862, "Last Year's Performance": 0.5405454635620117, "Price Tomorrow": -0.35767269134521484}, "Both Models Agree on Last Year": true, "Both Models Agree on Price Tomorrow": true}