{"Classification": {"Validation Loss": 0.14548195898532867, "Validation Accuracy": 0.9960317611694336, "Confusion Matrix": {"True Negatives": 108, "False Negatives": 0, "True Positives": 143, "False Positives": 1}, "Last Year's Performance": 1, "Price Increase/Decrease Tomorrow": 1}, "Regression": {"Validation Loss": 0.041727229952812195, "Validation Mean Squared Error (MSE)": 0.00025802251184359193, "Validation Mean Absolute Error (MAE)": 0.01478902343660593, "Validation Root Mean Sqared Error (RMSE)": 0.016063079237937927, "Threshold": 0.09637847542762756, "No. Predictions Close Enough to Threshold": 0.996031746031746, "No. Predictions Close Enough Percentage": 99.60317460317461, "Yearly Price Mean of Close Enough Values": 0.6994151473045349, "Last Year's Performance": -7.727348327636719, "Price Tomorrow": 2.001612663269043}, "Both Models Agree on Last Year": false, "Both Models Agree on Price Tomorrow": true}