{"Classification": {"Validation Loss": 0.661731481552124, "Validation Accuracy": 0.976190447807312, "Confusion Matrix": {"True Negatives": 104, "False Negatives": 1, "True Positives": 142, "False Positives": 5}, "Most Occuring Prediction": 1}, "Regression": {"Validation Loss": 0.035441797226667404, "Validation Mean Squared Error (MSE)": 2.3174558009486645e-05, "Validation Mean Absolute Error (MAE)": 0.00406038761138916, "Validation Root Mean Sqared Error (RMSE)": 0.004813996143639088, "Most Occurring Prediction": -5.9585113525390625}, "Both Models Agree": false}