{"Classification": {"Validation Loss": 0.0651412159204483, "Validation Accuracy": 0.988095223903656, "Confusion Matrix": {"True Negatives": 141, "False Negatives": 2, "True Positives": 108, "False Positives": 1}, "Last Year's Performance": 0, "Price Increase/Decrease Tomorrow": 0}, "Regression": {"Validation Loss": 0.03765629976987839, "Validation Mean Squared Error (MSE)": 2.1839141481905244e-05, "Validation Mean Absolute Error (MAE)": 0.003675475949421525, "Validation Root Mean Sqared Error (RMSE)": 0.0046732365153729916, "Threshold": 0.02803941909223795, "No. Predictions Close Enough to Threshold": 0.9166666666666666, "No. Predictions Close Enough Percentage": 91.66666666666666, "Yearly Price Mean of Close Enough Values": -0.13839846849441528, "Last Year's Performance": -1.4280219078063965, "Price Tomorrow": -0.8213053941726685}, "Both Models Agree on Last Year": true, "Both Models Agree on Price Tomorrow": true}