{"Classification": {"Validation Loss": 0.4393078684806824, "Validation Accuracy": 0.8928571343421936, "Confusion Matrix": {"True Negatives": 106, "False Negatives": 0, "True Positives": 119, "False Positives": 27}, "Most Occuring Prediction": 1}, "Regression": {"Validation Loss": 0.03384559974074364, "Validation Mean Squared Error (MSE)": 5.7702436606632546e-05, "Validation Mean Absolute Error (MAE)": 0.004641551990061998, "Validation Root Mean Sqared Error (RMSE)": 0.007596211973577738, "Most Occurring Prediction": -2.6600663661956787}, "Both Models Agree": false}