{"Classification": {"Validation Loss": 0.11950134485960007, "Validation Accuracy": 0.9840637445449829, "Confusion Matrix": {"True Negatives": 143, "False Negatives": 0, "True Positives": 104, "False Positives": 4}, "Last Year's Performance": 0, "Price Increase/Decrease Tomorrow": 0}, "Regression": {"Validation Loss": 0.03561367094516754, "Validation Mean Squared Error (MSE)": 4.6988985559437424e-05, "Validation Mean Absolute Error (MAE)": 0.0053964960388839245, "Validation Root Mean Sqared Error (RMSE)": 0.0068548512645065784, "Threshold": 0.04112910758703947, "No. Predictions Close Enough to Threshold": 0.6135458167330677, "No. Predictions Close Enough Percentage": 61.354581673306775, "Yearly Price Mean of Close Enough Values": -0.5545704960823059, "Last Year's Performance": -0.7716801166534424, "Price Tomorrow": -0.1678696721792221}, "Both Models Agree on Last Year": true, "Both Models Agree on Price Tomorrow": true}