{"Classification": {"Validation Loss": 0.7054075598716736, "Validation Accuracy": 0.4972677528858185, "Confusion Matrix": {"True Negatives": 47, "False Negatives": 46, "True Positives": 135, "False Positives": 138}, "Most Occuring Prediction": 1}, "Regression": {"Validation Loss": 0.08141026645898819, "Validation Mean Squared Error (MSE)": 1.8955628547701053e-05, "Validation Mean Absolute Error (MAE)": 0.003569894703105092, "Validation Root Mean Sqared Error (RMSE)": 0.004353806376457214, "Most Occurring Prediction": -0.2443065643310547}, "Both Models Agree": false}