{"Classification": {"Validation Loss": 0.5676677823066711, "Validation Accuracy": 0.8989071249961853, "Confusion Matrix": {"True Negatives": 170, "False Negatives": 28, "True Positives": 159, "False Positives": 9}, "Most Occuring Prediction": 0}, "Regression": {"Validation Loss": 0.04119926691055298, "Validation Mean Squared Error (MSE)": 0.00015888821508269757, "Validation Mean Absolute Error (MAE)": 0.009624830447137356, "Validation Root Mean Sqared Error (RMSE)": 0.012605086900293827, "Most Occurring Prediction": 4.472625732421875}, "Both Models Agree": false}