{"Classification": {"Validation Loss": 0.847240149974823, "Validation Accuracy": 0.9480874538421631, "Confusion Matrix": {"True Negatives": 181, "False Negatives": 17, "True Positives": 166, "False Positives": 2}, "Most Occuring Prediction": 0}, "Regression": {"Validation Loss": 0.03886336088180542, "Validation Mean Squared Error (MSE)": 2.8811740776291117e-05, "Validation Mean Absolute Error (MAE)": 0.004434040281921625, "Validation Root Mean Sqared Error (RMSE)": 0.005367656704038382, "Most Occurring Prediction": -2.6869542598724365}, "Both Models Agree": true}